,City,Lat,Lng,Max Temp,Humidity,Cloudiness,Wind Speed,Country,Date
0,Christchurch,-43.5333,172.6333,4.12,89,75,6.69,NZ,1663071964
1,Avarua,-21.2078,-159.775,23.03,83,40,3.09,CK,1663071965
2,Mandalgovi,45.7625,106.2708,22.48,23,100,3.33,MN,1663071967
3,Atuona,-9.8,-139.0333,24.5,67,1,6.4,PF,1663071968
4,Haines Junction,60.7522,-137.5108,-1.03,93,99,1.54,CA,1663071969
5,Tuktoyaktuk,69.4541,-133.0374,1.72,81,95,6.9,CA,1663071971
6,Urucará,-2.5364,-57.76,30.18,51,2,1.27,BR,1663071972
7,Jamestown,42.097,-79.2353,15.4,75,100,2.57,US,1663071973
8,Ilulissat,69.2167,-51.1,8.01,81,75,3.09,GL,1663071974
9,Punta Arenas,-53.15,-70.9167,3.06,81,20,7.2,CL,1663071976
10,Tilichiki,60.4667,166.1,5.48,77,100,0.81,RU,1663071977
11,Mar del Plata,-38.0023,-57.5575,12.75,69,0,1.54,AR,1663071941
12,Mahébourg,-20.4081,57.7,23.47,73,75,5.66,MU,1663071979
13,Jatibonico,21.9419,-79.17,24.45,92,76,1.45,CU,1663071981
14,Puerto Quijarro,-17.7833,-57.7667,26.53,40,86,2.33,BO,1663071982
15,Geraldton,-28.7667,114.6,16.23,72,100,5.14,AU,1663071983
16,Alice Springs,-23.7,133.8833,21.75,37,0,3.09,AU,1663071985
17,Leningradskiy,69.3833,178.4167,2.12,97,99,1.05,RU,1663071986
18,Kavaratti,10.5669,72.642,27.29,81,52,5.98,IN,1663071987
19,Wąbrzeźno,53.2799,18.9477,18.83,62,100,4.04,PL,1663071989
20,Upernavik,72.7868,-56.1549,4.9,95,100,1.72,GL,1663071990
21,San Patricio,28.017,-97.5169,27.69,78,5,1.75,US,1663071991
22,Ancud,-41.8697,-73.8203,10.13,88,83,2.88,CL,1663071993
23,Narsaq,60.9167,-46.05,6.12,47,1,1.23,GL,1663071994
24,Cabo San Lucas,22.8909,-109.9124,27.51,77,0,4.12,MX,1663071995
25,Hobart,-42.8794,147.3294,5.92,90,75,1.54,AU,1663071976
26,Paraíso,9.8383,-83.8656,18.48,90,100,0.34,CR,1663071999
27,Albany,42.6001,-73.9662,20.7,95,100,0.23,US,1663071901
28,Kahului,20.8947,-156.47,26.02,77,40,5.14,US,1663072001
29,Fasa,28.9383,53.6482,35.58,11,20,4.12,IR,1663072002
30,Rikitea,-23.1203,-134.9692,22.12,72,90,0.41,PF,1663072003
31,Arraial do Cabo,-22.9661,-42.0278,22.98,83,20,6.17,BR,1663072005
32,Erzin,36.9559,36.2,28.84,58,16,5.84,TR,1663072006
33,Huilong,31.8111,121.655,23.85,90,100,9.27,CN,1663072007
34,Puerto Ayora,-0.7393,-90.3518,17.53,100,96,0.89,EC,1663072009
35,Busselton,-33.65,115.3333,12.2,54,80,7.82,AU,1663072011
36,Nemuro,43.3236,145.575,18.37,95,72,4.24,JP,1663072012
37,Cherskiy,68.75,161.3,2.54,98,100,2.68,RU,1663072013
38,Constitución,-35.3333,-72.4167,8.43,85,4,1.64,CL,1663071759
39,Bambous Virieux,-20.3428,57.7575,23.45,73,75,5.66,MU,1663072016
40,Mataura,-46.1927,168.8643,0.03,98,95,1.51,NZ,1663072017
41,Qaanaaq,77.484,-69.3632,1.85,79,100,1.81,GL,1663072018
42,Buala,-8.145,159.5921,26.65,79,29,2.45,SB,1663072019
43,Tubualá,9.5167,-79.0333,25.41,88,96,3.21,PA,1663072021
44,Naryan-Mar,67.6713,53.087,7.58,91,100,4.72,RU,1663072022
45,Safaga,26.7292,33.9365,33.82,42,0,5.89,EG,1663072023
46,Bluff,-46.6,168.3333,5.69,73,93,5.45,NZ,1663072025
47,Torbay,47.6666,-52.7314,14.59,97,100,8.75,CA,1663072027
48,Kruisfontein,-34.0033,24.7314,19.94,48,7,6.55,ZA,1663072029
49,Angoche,-16.2325,39.9086,27.79,53,2,4.87,MZ,1663072030
50,Cape Town,-33.9258,18.4232,21.32,62,0,7.2,ZA,1663072032
51,Brenham,30.1669,-96.3977,20.95,66,40,0.0,US,1663072033
52,Longyearbyen,78.2186,15.6401,1.91,80,75,2.06,SJ,1663071759
53,Tasiilaq,65.6145,-37.6368,3.09,87,33,2.09,GL,1663072036
54,Bonito,-21.1211,-56.4819,19.58,80,94,1.61,BR,1663071904
55,Olafsvik,64.8945,-23.7142,9.38,78,84,3.01,IS,1663072038
56,Harrisburg,40.2737,-76.8844,21.08,81,75,3.09,US,1663071953
57,Margate,51.3813,1.3862,19.39,85,100,2.24,GB,1663072041
58,Iqaluit,63.7506,-68.5145,5.85,86,75,3.09,CA,1663072043
59,Pisco,-13.7,-76.2167,15.03,77,40,1.03,PE,1663072044
60,Manoel Urbano,-8.8389,-69.2597,24.56,83,55,1.28,BR,1663072045
61,Bubaque,11.2833,-15.8333,26.94,80,96,5.92,GW,1663072048
62,Ghanzi,-21.5667,21.7833,31.48,10,0,4.66,BW,1663072050
63,Alofi,-19.0595,-169.9187,22.94,94,8,2.06,NU,1663072052
64,Pandan,14.0453,124.1694,27.41,83,94,2.84,PH,1663072053
65,Mayumba,-3.432,10.6554,25.12,69,99,2.75,GA,1663072054
66,Ust-Tsilma,65.441,52.1498,8.91,89,99,2.27,RU,1663072056
67,George Town,5.4112,100.3354,29.38,80,40,2.06,MY,1663071887
68,La Gomera,14.0833,-91.05,22.84,92,98,1.96,GT,1663072058
69,Dandong,40.1292,124.3947,21.59,78,88,1.82,CN,1663072059
70,Hilo,19.7297,-155.09,25.16,91,100,2.57,US,1663072062
71,New Norfolk,-42.7826,147.0587,5.72,73,56,0.35,AU,1663072063
72,Qui Nhon,13.7667,109.2333,27.62,79,50,1.46,VN,1663072065
73,Yulara,-25.2406,130.9889,24.32,31,3,2.7,AU,1663072067
74,Butaritari,3.0707,172.7902,26.93,79,47,3.25,KI,1663072068
75,Salalah,17.0151,54.0924,28.05,89,100,5.66,OM,1663072069
76,Vikulovo,56.8167,70.6107,12.95,52,93,1.51,RU,1663072070
77,Isangel,-19.55,169.2667,22.06,94,20,0.0,VU,1663072072
78,Huarmey,-10.0681,-78.1522,15.66,84,90,3.71,PE,1663072073
79,Shitkino,56.3703,98.3543,6.02,67,95,1.18,RU,1663072075
80,Anadyr,64.75,177.4833,5.28,93,40,1.0,RU,1663072076
81,Chui,-33.6971,-53.4616,13.7,89,94,4.19,UY,1663072078
82,Severo-Kuril'sk,50.6789,156.125,12.16,85,80,1.74,RU,1663072079
83,Chokurdakh,70.6333,147.9167,3.84,70,99,1.65,RU,1663072080
84,Sobolevo,54.4299,31.8996,12.03,66,100,4.95,RU,1663072081
85,Lorengau,-2.0226,147.2712,27.35,73,37,4.44,PG,1663072083
86,Vanavara,60.34,102.2797,3.98,79,63,2.49,RU,1663072084
87,Faanui,-16.4833,-151.75,25.1,78,100,8.28,PF,1663072086
88,Hong Kong,22.2855,114.1577,34.54,58,4,2.68,HK,1663072027
89,Castro,-24.7911,-50.0119,16.61,94,95,1.51,BR,1663072088
90,Mīrābād,30.4362,61.8383,33.2,9,0,5.71,AF,1663072090
91,Homa Bay,-0.5273,34.4571,24.72,61,100,1.93,KE,1663072091
92,Chipinge,-20.1883,32.6236,22.83,42,20,5.85,ZW,1663072093
93,Ribeira Grande,38.5167,-28.7,25.22,88,75,4.12,PT,1663072094
94,Port Elizabeth,-33.918,25.5701,21.17,63,0,6.69,ZA,1663071908
95,Bogorodskoye,56.55,37.8833,17.19,38,34,5.33,RU,1663072096
96,Bembèrèkè,10.2283,2.6634,26.37,74,100,2.6,BJ,1663072097
97,Los Llanos de Aridane,28.6585,-17.9182,23.86,86,20,4.63,ES,1663072099
98,Ushuaia,-54.8,-68.3,8.81,43,0,6.17,AR,1663071888
99,Guéret,46.1667,1.8667,30.17,34,98,2.36,FR,1663072101
100,Dubrovnik,42.6481,18.0922,26.8,31,0,5.14,HR,1663072102
101,Atlantic Beach,30.3344,-81.3987,25.14,95,75,2.57,US,1663072104
102,Bengkulu,-3.8004,102.2655,24.08,84,96,2.18,ID,1663072105
103,Guadalupe y Calvo,26.1,-106.9667,9.63,86,42,2.4,MX,1663072107
104,Doha,25.2867,51.5333,39.17,49,3,4.63,QA,1663072108
105,Hithadhoo,-0.6,73.0833,28.03,67,14,1.65,MV,1663072109
106,Tiarei,-17.5333,-149.3333,24.01,80,100,8.32,PF,1663072110
107,Yaan,7.3833,8.5667,25.05,86,98,4.06,NG,1663072112
108,Terra Santa,-2.1042,-56.4869,30.29,48,6,1.41,BR,1663072113
109,Dangara,29.6799,75.8931,31.83,58,86,3.04,IN,1663072114
110,Manavālakurichi,8.1333,77.3,26.95,80,96,6.45,IN,1663072116
111,Arica,-18.475,-70.3042,15.13,77,100,3.09,CL,1663072117
112,Nago,26.5881,127.9761,28.47,87,55,4.95,JP,1663072119
113,West Bay,19.3667,-81.4167,30.04,84,75,2.06,KY,1663072120
114,Skjervøy,70.0311,20.9714,9.0,74,70,5.27,NO,1663072121
115,Rio Grande,-32.035,-52.0986,16.06,93,100,4.63,BR,1663072029
116,Kargil,34.5667,76.1,17.46,19,35,1.15,IN,1663072124
117,Klaksvík,62.2266,-6.589,12.51,83,46,1.28,FO,1663072125
118,Pangnirtung,66.1451,-65.7125,10.0,76,75,6.17,CA,1663072127
119,Walvis Bay,-22.9575,14.5053,25.81,36,1,5.83,NA,1663072128
120,Porto-Novo,6.4965,2.6036,26.9,68,100,4.17,BJ,1663072129
121,Dankov,53.2515,39.1555,9.12,90,100,9.23,RU,1663072130
122,San Carlos del Zulia,9.0,-71.9135,24.34,90,100,2.2,VE,1663072132
123,Vaini,-21.2,-175.2,23.09,94,20,2.06,TO,1663072133
124,Bredasdorp,-34.5322,20.0403,21.47,45,22,5.23,ZA,1663072134
125,Necochea,-38.5473,-58.7368,10.82,73,4,2.55,AR,1663072136
126,Khipro,25.8285,69.3772,37.94,34,69,2.62,PK,1663072137
127,Saldanha,-33.0117,17.9442,27.03,63,0,6.27,ZA,1663071889
128,Tūkrah,32.5341,20.5791,28.04,49,17,6.47,LY,1663072139
129,Kibala,9.1104,18.3463,27.97,74,20,2.06,TD,1663072140
130,Bereket,39.2446,55.5154,31.36,10,0,10.57,TM,1663072142
131,Kidal,18.4411,1.4078,38.45,18,41,4.71,ML,1663072143
132,Vaitape,-16.5167,-151.75,25.14,78,100,8.32,PF,1663072145
133,Zyryanka,65.75,150.85,1.94,83,57,2.69,RU,1663072146
134,Miraflores,19.2167,-98.8083,15.54,92,94,1.49,MX,1663072148
135,Cortez,37.3489,-108.5859,15.02,72,100,3.09,US,1663072149
136,Deputatsky,69.3,139.9,1.36,65,99,1.44,RU,1663072150
137,Foundiougne,14.1333,-16.4667,31.03,63,86,5.32,SN,1663072152
138,Bethel,41.3712,-73.414,21.47,94,98,1.14,US,1663072153
139,Lleida,41.6167,0.6167,25.93,78,20,5.14,ES,1663072154
140,Saint George,37.1041,-113.5841,22.33,79,100,4.63,US,1663072039
141,Hermanus,-34.4187,19.2345,23.22,59,4,5.13,ZA,1663072156
142,Conde,-7.2597,-34.9075,25.7,78,75,5.14,BR,1663072158
143,Cayenne,4.9333,-52.3333,29.02,79,20,2.06,GF,1663072160
144,São Filipe,14.8961,-24.4956,26.6,81,100,3.86,CV,1663072161
145,Muhos,64.808,25.9931,14.88,58,99,3.99,FI,1663072162
146,Yerbogachën,61.2767,108.0108,5.67,82,99,4.82,RU,1663072163
147,Port Blair,11.6667,92.75,28.02,78,40,2.57,IN,1663072165
148,Kandrian,-6.2167,149.55,25.23,84,81,3.41,PG,1663072166
149,Kudahuvadhoo,2.6708,72.8944,28.19,66,10,2.75,MV,1663072167
150,Saint Paul Harbor,57.79,-152.4072,5.73,87,0,4.12,US,1663072168
151,Kumul,42.8,93.45,26.54,16,31,3.55,CN,1663072170
152,Havelock,34.8791,-76.9013,26.99,89,40,2.06,US,1663072171
153,Keti Bandar,24.1447,67.4497,31.09,67,79,6.0,PK,1663072172
154,Santa Maria,-29.6842,-53.8069,10.61,87,100,2.57,BR,1663072101
155,Carnarvon,-24.8667,113.6333,19.67,54,5,7.71,AU,1663072175
156,Petrov Val,50.1434,45.2096,14.92,57,100,8.95,RU,1663072176
157,North Platte,41.1239,-100.7654,6.94,81,0,0.0,US,1663072177
158,Katsuura,35.1333,140.3,26.01,92,93,2.62,JP,1663072178
159,Vanimo,-2.6741,141.3028,25.77,86,41,2.88,PG,1663072180
160,Majene,-3.5403,118.9707,26.33,84,64,3.22,ID,1663072181
161,Senneterre,48.3835,-77.2328,15.22,98,100,0.9,CA,1663072182
162,Hagenow,53.4333,11.1833,22.99,49,99,6.3,DE,1663072184
163,Ha Giang,22.8333,104.9833,24.14,97,99,0.46,VN,1663072185
164,Mbanza-Ngungu,-5.25,14.8667,31.66,37,66,3.24,CD,1663072186
165,Chik,54.9928,82.4311,10.86,46,0,1.0,RU,1663072189
166,Bima,-8.4667,118.7167,24.55,86,45,2.15,ID,1663072190
167,Alès,44.1333,4.0833,25.6,79,100,2.04,FR,1663072191
168,Tashtyp,52.7939,89.8983,10.9,60,93,5.02,RU,1663072193
169,Haverhill,42.7762,-71.0773,21.19,91,100,1.54,US,1663071898
170,Polunochnoye,60.8697,60.4153,12.64,58,97,4.06,RU,1663072196
171,Hūn,29.1268,15.9477,34.54,21,0,3.38,LY,1663072197
172,Baft,29.234,56.6057,23.35,29,56,4.55,IR,1663072198
173,East London,-33.0153,27.9116,20.52,52,0,5.66,ZA,1663072199
174,Gejiu,23.306,103.1635,13.35,95,63,1.54,CN,1663072201
175,Khovd,48.0056,91.6419,14.19,24,100,0.77,MN,1663072202
176,Provideniya,64.3833,-173.3,8.23,94,100,2.63,RU,1663072204
177,Lebu,-37.6167,-73.65,10.76,71,8,1.14,CL,1663072205
178,Dikson,73.5069,80.5464,3.72,74,100,7.78,RU,1663072207
179,Santiago del Estero,-27.7951,-64.2615,18.47,30,0,3.09,AR,1663072209
180,Freeport,40.6576,-73.5832,23.99,90,100,3.6,US,1663072210
181,Coquimbo,-29.9533,-71.3436,10.85,87,20,0.51,CL,1663072212
182,Toyota,35.0833,137.15,29.23,70,100,0.84,JP,1663072213
183,Sitka,57.0531,-135.33,11.94,82,75,0.0,US,1663072215
184,Ketchikan,55.3422,-131.6461,10.26,87,0,2.06,US,1663072216
185,West Wendover,40.7391,-114.0733,19.56,45,0,3.09,US,1663072218
186,Riyadh,24.6877,46.7219,44.08,6,6,2.97,SA,1663072219
187,Turukhansk,65.8167,87.9833,6.54,95,100,7.85,RU,1663072221
188,Codrington,-38.2667,141.9667,5.02,85,0,5.34,AU,1663072222
189,Kedrovyy,56.1667,91.8167,7.23,71,7,0.45,RU,1663072224
190,Divnomorskoye,44.5011,38.1353,21.18,56,5,3.77,RU,1663072225
191,Hasaki,35.7333,140.8333,24.22,91,100,1.63,JP,1663072227
192,Yuli,9.6989,10.2744,28.15,69,96,5.21,NG,1663072228
193,Mossamedes,-15.1961,12.1522,21.41,74,31,5.3,AO,1663072229
194,Kaitangata,-46.2817,169.8464,2.23,88,99,3.27,NZ,1663072231
195,Mergen,49.1833,125.2167,13.57,33,0,3.73,CN,1663072233
196,Roald,62.5833,6.1333,15.42,82,75,3.6,NO,1663072234
197,Luleå,65.5842,22.1547,13.04,94,75,5.14,SE,1663072235
198,Zheleznodorozhnyy,55.7503,38.0042,14.29,47,100,4.52,RU,1663072237
199,Vytegra,61.0064,36.4481,14.33,63,100,2.15,RU,1663072238
200,Barrow,71.2906,-156.7887,2.01,93,100,9.26,US,1663072239
201,Novoagansk,61.9449,76.6625,9.9,76,100,4.97,RU,1663072240
202,Altay,47.8667,88.1167,11.39,34,0,2.37,CN,1663072242
203,Whitianga,-36.8333,175.7,10.9,90,97,2.57,NZ,1663072243
204,Atar,20.5169,-13.0499,38.03,20,15,3.09,MR,1663072244
205,Charters Towers,-20.1,146.2667,18.02,75,0,4.43,AU,1663072245
206,Distrikt Brokopondo,4.75,-55.1667,27.67,71,19,1.81,SR,1663072247
207,Labuan,5.2767,115.2417,28.2,83,20,1.03,MY,1663072176
208,Raudeberg,61.9875,5.1352,12.2,1,100,1.9,NO,1663072249
209,Pizarro,4.9533,-77.366,25.69,83,100,1.88,CO,1663072251
210,Tessalit,20.1986,1.0114,40.65,10,18,4.15,ML,1663072252
211,Talnakh,69.4865,88.3972,1.23,100,100,1.06,RU,1663071957
212,Yellowknife,62.456,-114.3525,5.31,93,20,2.06,CA,1663072254
213,Wamba,8.9333,8.6,26.37,79,100,2.18,NG,1663072255
214,Kichera,55.9375,110.0997,6.07,85,18,1.87,RU,1663072257
215,Denpasar,-8.65,115.2167,26.81,88,20,6.69,ID,1663072108
216,Flinders,-34.5833,150.8552,9.54,78,9,1.34,AU,1663072259
217,Port Alfred,-33.5906,26.891,19.54,63,3,3.13,ZA,1663072260
218,Nikolskoye,59.7035,30.7861,17.71,56,80,3.63,RU,1663072262
219,Benguela,-12.5763,13.4055,24.19,68,34,4.12,AO,1663072264
220,Vardø,70.3705,31.1107,7.99,87,75,7.2,NO,1663072266
221,Valparaíso,-33.0393,-71.6273,12.78,93,20,2.06,CL,1663072103
222,Souillac,-20.5167,57.5167,23.21,73,75,5.66,MU,1663072268
223,Wilmington Island,32.0036,-80.9737,24.43,72,0,1.54,US,1663072270
224,Suoyarvi,62.0833,32.35,12.84,70,100,3.5,RU,1663072271
225,Beirut,33.8889,35.4944,29.65,69,0,5.32,LB,1663072272
226,Laas,46.6166,10.7002,26.49,33,47,0.97,IT,1663072273
227,Tiksi,71.6872,128.8694,4.38,83,96,4.48,RU,1663072275
228,Isabela,6.7085,121.9711,27.03,81,92,1.04,PH,1663072276
229,Sampit,-2.5333,112.95,23.08,98,100,0.97,ID,1663072278
230,Oparino,59.8518,48.2783,13.36,56,100,1.95,RU,1663072279
231,Uglekamensk,43.2172,133.2303,11.06,87,7,2.25,RU,1663072280
232,Airai,-8.9266,125.4092,15.08,83,12,1.41,TL,1663072282
233,Thompson,55.7435,-97.8558,-2.91,100,20,1.54,CA,1663072283
234,Den Helder,52.9599,4.7593,22.21,64,100,4.12,NL,1663072284
235,Duncan,34.5023,-97.9578,17.12,77,0,2.06,US,1663072286
236,Khasan,42.4308,130.6434,19.08,80,100,3.05,RU,1663072287
237,Altagracia de Orituco,9.8601,-66.3814,26.54,69,46,1.78,VE,1663072289
238,Catherinas Lust,6.4,-57.6,29.39,68,9,2.41,GY,1663072290
239,Saint-Philippe,-21.3585,55.7679,23.77,69,50,2.07,RE,1663072291
240,Tezu,27.9167,96.1667,24.78,98,38,1.02,IN,1663072293
241,Thai Binh,20.45,106.3333,27.34,75,52,2.91,VN,1663072294
242,Iguape,-24.7081,-47.5553,18.66,92,98,1.84,BR,1663072296
243,Broome,42.2506,-75.833,18.9,85,100,4.12,US,1663072297
244,Sioux Lookout,50.1001,-91.917,10.04,81,75,3.6,CA,1663072299
245,Thabazimbi,-24.5917,27.4116,28.21,23,32,4.2,ZA,1663072300
246,Paita,-5.0892,-81.1144,16.92,82,72,6.92,PE,1663072301
247,Fort Frances,48.5999,-93.4003,13.12,74,0,2.24,CA,1663072302
248,Kavieng,-2.5744,150.7967,28.31,69,79,7.93,PG,1663072304
249,Dzilam González,21.2833,-88.9333,23.87,95,100,1.06,MX,1663072305
250,Esperance,-33.8667,121.9,13.31,83,98,12.52,AU,1663072306
251,Jalingo,8.8833,11.3667,23.55,89,100,2.23,NG,1663072308
252,Evora,38.5667,-7.9,25.43,46,87,8.91,PT,1663072310
253,Kapaa,22.0752,-159.319,26.18,85,40,4.63,US,1663072312
254,Mamakan,57.8161,114.0028,6.88,96,100,5.92,RU,1663072313
255,Honningsvåg,70.9821,25.9704,8.86,61,40,3.6,NO,1663072314
256,Cabedelo,-6.9811,-34.8339,26.37,74,54,6.81,BR,1663072316
257,Maniitsoq,65.4167,-52.9,6.85,84,100,4.89,GL,1663072317
258,Poum,-20.2333,164.0167,23.62,70,100,7.91,NC,1663072318
259,São Miguel do Araguaia,-13.275,-50.1628,34.93,16,12,3.11,BR,1663072320
260,Bathsheba,13.2167,-59.5167,30.34,74,40,6.17,BB,1663072321
261,Adré,13.4667,22.2,31.48,44,100,2.91,TD,1663072323
262,Kiryat Gat,31.61,34.7642,32.44,13,0,5.78,IL,1663072324
263,Soligalich,59.0778,42.2864,15.56,43,21,2.77,RU,1663072325
264,San Policarpo,12.1791,125.5072,26.26,84,30,2.43,PH,1663072327
265,Lompoc,34.6391,-120.4579,17.54,90,100,2.57,US,1663072328
266,Khalkhāl,37.6189,48.5258,26.99,13,0,5.69,IR,1663072330
267,Korla,41.7597,86.1469,27.82,17,100,4.98,CN,1663072331
268,Tura,25.5198,90.2201,21.53,98,100,1.92,IN,1663072333
269,Lagoa,39.05,-27.9833,22.16,85,100,0.98,PT,1663072334
270,Kharp,66.8014,65.8081,5.76,90,100,1.04,RU,1663072335
271,Kuytun,54.3419,101.5036,5.66,66,100,1.84,RU,1663072337
272,Balad,34.0164,44.1453,42.94,8,0,4.25,IQ,1663072338
273,Hofn,64.2539,-15.2082,10.97,71,100,1.45,IS,1663072340
274,Yaoundé,3.8667,11.5167,25.74,78,75,1.54,CM,1663072341
275,Palmer,42.1584,-72.3287,20.98,88,100,0.0,US,1663072342
276,San Cristobal,7.7669,-72.225,20.1,79,31,1.61,VE,1663072344
277,Paamiut,61.994,-49.6678,7.07,60,0,1.74,GL,1663072345
278,Waipawa,-41.4122,175.5153,8.18,67,0,7.4,NZ,1663072346
279,Tuatapere,-46.1333,167.6833,3.95,88,99,2.03,NZ,1663072349
280,Comodoro Rivadavia,-45.8667,-67.5,8.92,49,40,3.09,AR,1663072093
281,Shimoda,34.6667,138.95,22.84,89,99,3.08,JP,1663072351
282,Shingū,33.7333,135.9833,24.77,92,98,2.81,JP,1663072354
283,Kiunga,-6.1219,141.2906,23.05,98,37,1.01,PG,1663072356
284,Terme,41.2092,36.9739,23.96,69,98,2.23,TR,1663072357
285,Lüderitz,-26.6481,15.1594,27.39,29,97,2.53,NA,1663072358
286,Varadero,23.1536,-81.2514,24.42,82,25,3.56,CU,1663072263
287,Guerrero Negro,27.9769,-114.0611,21.52,89,0,3.86,MX,1663072361
288,São João da Barra,-21.6403,-41.0511,24.05,74,10,5.27,BR,1663072363
289,Acapulco de Juárez,16.8634,-99.8901,24.9,88,75,1.54,MX,1663072197
290,Kachīry,53.0675,76.1036,11.57,39,70,2.18,KZ,1663072366
291,Port Hedland,-20.3167,118.5667,23.03,68,0,5.66,AU,1663072367
292,La Libertad,-2.2333,-80.9,18.81,94,100,3.09,EC,1663072369
293,Dingle,10.9995,122.6711,25.06,88,99,1.99,PH,1663072370
294,Xaçmaz,41.4635,48.806,25.54,62,0,6.18,AZ,1663072371
295,Chernyshevskiy,63.0128,112.4714,3.63,89,100,5.59,RU,1663072373
296,Puri,19.8,85.85,27.29,82,100,9.7,IN,1663072374
297,Pevek,69.7008,170.3133,1.59,89,100,2.53,RU,1663072376
298,Berovo,41.7031,22.8578,20.36,33,2,4.62,MK,1663072124
299,Tuy Hoa,13.0833,109.3,26.72,85,82,1.4,VN,1663072379
300,South Lake Tahoe,38.9332,-119.9844,12.92,87,100,1.54,US,1663072291
301,General Pico,-35.6566,-63.7568,13.66,39,100,4.44,AR,1663072382
302,Kenitra,34.261,-6.5802,27.42,62,100,6.92,MA,1663072384
303,Yatou,37.15,122.3833,20.84,90,100,3.11,CN,1663072385
304,Dragør,55.5946,12.6664,19.01,60,75,9.26,DK,1663072387
305,Soe,-9.8607,124.284,18.98,89,21,2.2,ID,1663072388
306,Sanbu,33.4594,119.1453,21.2,92,100,4.25,CN,1663072389
307,Katherine,-14.4667,132.2667,31.18,30,40,4.63,AU,1663072391
308,Ponta do Sol,32.6667,-17.1,27.78,77,71,4.66,PT,1663072392
309,Nouadhibou,20.931,-17.0347,24.99,73,20,6.69,MR,1663072394
310,Bacolod City,10.6667,122.95,26.5,86,91,3.79,PH,1663072395
311,Evanston,42.0411,-87.6901,16.73,92,100,3.09,US,1663072397
312,Saint Anthony,45.0205,-93.218,12.86,91,0,0.0,US,1663072232
313,Ambilobe,-13.2,49.05,28.02,50,57,3.57,MG,1663072399
314,São Gabriel da Cachoeira,-0.1303,-67.0892,24.66,88,100,0.77,BR,1663072400
315,Clyde River,70.4692,-68.5914,3.13,100,100,2.57,CA,1663072402
316,Nanortalik,60.1432,-45.2371,7.61,82,7,2.62,GL,1663072403
317,Dalhousie,32.5333,75.9833,16.39,89,57,0.43,IN,1663072404
318,Araouane,18.9048,-3.5265,40.57,15,14,1.56,ML,1663072406
319,Lālmohan,22.3384,90.7419,26.72,82,100,4.33,BD,1663072407
320,Djebeniana,35.035,10.9081,31.89,52,0,5.06,TN,1663072408
321,Szczecinek,53.7079,16.6994,18.14,62,100,4.31,PL,1663072409
322,Touros,-5.1989,-35.4608,28.17,67,81,6.88,BR,1663072411
323,Ocós,14.5094,-92.1933,22.1,82,100,1.76,GT,1663072412
324,Ferme-Neuve,46.7001,-75.4493,19.89,79,95,0.77,CA,1663072414
325,Mel'nikovo,56.5558,84.085,7.92,65,50,1.01,RU,1663072415
326,Sola,-13.8833,167.55,24.37,100,20,0.0,VU,1663072416
327,City of San Pedro,14.35,121.0167,28.57,83,40,5.66,PH,1663072418
328,Cobija,-11.0267,-68.7692,25.1,94,40,0.0,BO,1663072420
329,Itaituba,-4.2761,-55.9836,28.09,78,0,0.0,BR,1663072421
330,Laguna,38.421,-121.4238,18.99,76,0,4.12,US,1663072424
331,Boa Vista,2.8197,-60.6733,24.99,81,40,2.57,BR,1663072425
332,Luganville,-15.5333,167.1667,25.1,82,8,2.26,VU,1663072427
333,Kānker,20.2719,81.4931,24.61,92,71,3.6,IN,1663072429
334,Japura,-0.3167,102.35,22.86,98,100,1.59,ID,1663072431
335,Khilok,51.3674,110.4676,9.77,56,100,1.92,RU,1663072433
336,Porterville,36.0652,-119.0168,24.86,59,0,3.09,US,1663072434
337,Brae,60.3964,-1.353,12.51,81,100,6.21,GB,1663072436
338,Zhigansk,66.7697,123.3711,4.76,94,100,3.99,RU,1663072438
339,Ranong,9.9658,98.6348,26.06,84,98,2.98,TH,1663072439
340,Pangai,-19.8,-174.35,25.06,83,40,6.17,TO,1663072440
341,Mitsamiouli,-11.3847,43.2844,26.16,73,40,5.14,KM,1663072441
342,Bilibino,68.0546,166.4372,3.07,98,100,1.31,RU,1663072443
343,Issoire,45.55,3.25,30.59,30,97,4.41,FR,1663072445
344,Maxixe,-23.8597,35.3472,26.9,65,40,7.72,MZ,1663072447
345,Abu Dhabi,24.4667,54.3667,38.06,49,5,5.14,AE,1663071558
346,Berlevåg,70.8578,29.0864,8.0,76,40,5.66,NO,1663072450
347,Aksu,41.1231,80.2644,25.36,24,0,4.4,CN,1663072451
348,Smithers,54.7804,-127.1743,2.18,100,20,0.0,CA,1663072453
349,Vila Franca do Campo,37.7167,-25.4333,25.66,69,89,2.79,PT,1663072455
350,Kayseri Province,38.737,35.4968,24.01,41,40,3.6,TR,1663072366
351,Tías,28.9611,-13.645,23.82,83,40,6.17,ES,1663072457
352,Da Lat,11.9465,108.4419,16.94,99,100,0.57,VN,1663072459
353,Praia,14.9215,-23.5087,26.3,89,75,5.14,CV,1663072239
354,Broken Hill,-31.95,141.4333,14.6,58,100,6.51,AU,1663072461
355,Mapastepec,15.4333,-92.9,24.66,86,78,1.2,MX,1663072463
356,Zholymbet,51.7433,71.7122,12.22,51,97,2.77,KZ,1663072464
357,Petropavlovsk-Kamchatskiy,53.0452,158.6483,10.33,100,75,1.0,RU,1663072298
358,Westport,41.1415,-73.3579,23.38,96,20,5.14,US,1663072467
359,Bacungan,9.9106,118.7022,29.03,74,20,1.03,PH,1663072468
360,São José da Coroa Grande,-8.8978,-35.1478,26.38,70,7,4.29,BR,1663072469
361,Port Shepstone,-30.7414,30.455,19.23,62,15,3.73,ZA,1663072471
362,Dawson Creek,55.7666,-120.2362,4.8,87,0,1.54,CA,1663072472
363,Rosarito,32.3333,-117.0333,23.01,90,66,2.41,MX,1663072473
364,Trebinje,42.7119,18.3442,25.42,31,0,5.14,BA,1663072210
365,Solnechnyy,50.7214,136.6319,4.21,88,0,1.86,RU,1663072475
366,Alekseyevsk,57.8406,108.3492,5.27,98,100,4.29,RU,1663072477
367,Karratha,-20.7377,116.8463,22.76,71,7,6.98,AU,1663072478
368,Bada,51.392,109.8717,10.05,55,100,1.45,RU,1663072480
369,Ciudad Bolivar,8.1222,-63.5497,27.55,73,9,2.54,VE,1663072397
370,Fort Walton Beach,30.4058,-86.6188,22.77,87,0,3.6,US,1663072482
371,Vătava,46.9667,24.7667,13.78,67,90,3.53,RO,1663072483
372,Mae Sai,20.4335,99.8762,21.68,99,61,0.72,TH,1663072485
373,Ozernovskiy,51.5,156.5167,13.8,78,100,3.79,RU,1663072486
374,Krasnaya Gora,52.9995,31.6023,11.07,79,100,4.01,RU,1663072488
375,Garden City,42.3256,-83.331,15.14,85,75,1.54,US,1663072203
376,Hurghada,27.2574,33.8129,36.02,20,0,8.75,EG,1663072490
377,Port Lincoln,-34.7333,135.8667,15.87,57,82,6.56,AU,1663072492
378,Muzhi,65.3667,64.6667,8.79,83,100,1.75,RU,1663072493
379,Akhisar,38.9185,27.8401,29.84,23,20,6.17,TR,1663072495
380,Makakilo City,21.3469,-158.0858,25.18,75,0,4.12,US,1663072496
381,Yima,34.7381,111.8839,21.5,50,1,3.02,CN,1663072498
382,Russkiy Kameshkir,52.8589,46.0892,12.87,59,100,6.5,RU,1663072499
383,Vao,-22.6667,167.4833,21.51,79,100,7.51,NC,1663072500
384,Ust-Nera,64.5667,143.2,1.75,57,15,1.97,RU,1663072330
385,Karīmpur,23.9667,88.6167,24.16,93,100,6.35,IN,1663072503
386,Sokol,59.4617,40.1206,15.61,40,18,2.89,RU,1663072504
387,Lavrentiya,65.5833,-171.0,7.53,92,100,2.46,RU,1663072506
388,Eyl,7.9803,49.8164,29.2,65,94,12.5,SO,1663072508
389,San Miguel de Tucumán,-26.8241,-65.2226,13.0,41,0,2.57,AR,1663072509
390,Havre-St-Pierre,50.2334,-63.5986,16.2,88,0,2.57,CA,1663072510
391,Prince Rupert,54.3161,-130.3201,10.83,97,75,1.54,CA,1663072450
392,Itarema,-2.9248,-39.9167,30.57,52,16,6.92,BR,1663072514
393,Mana,5.6592,-53.7767,29.27,67,3,2.79,GF,1663072515
394,Port Hueneme,34.1478,-119.1951,21.81,91,75,2.06,US,1663072516
395,Verkhnevilyuysk,63.4453,120.3167,6.96,97,100,3.3,RU,1663072518
396,Ottawa,45.4112,-75.6981,19.3,97,40,3.09,CA,1663072222
397,Chengde,40.9725,117.9361,19.72,66,0,1.41,CN,1663072521
398,Kamenka,51.3223,42.7678,11.3,87,100,9.2,RU,1663072522
399,Cabrero,-37.0333,-72.4,6.97,68,43,1.05,CL,1663072432
400,Semypolky,50.7167,30.9333,12.74,77,100,4.76,UA,1663072524
401,Järvenpää,60.4737,25.0899,13.16,68,75,5.66,FI,1663072526
402,Lake Havasu City,34.4839,-114.3224,29.14,46,0,4.63,US,1663072527
403,Chaozhou,23.6651,116.6379,29.92,51,23,3.0,CN,1663072528
404,Dakar,14.6937,-17.4441,30.49,74,40,2.06,SN,1663072530
405,Springfield,37.2153,-93.2982,16.77,92,0,2.57,US,1663072531
406,Anchorage,61.2181,-149.9003,10.51,91,100,4.63,US,1663072527
407,High Level,58.5169,-117.136,-0.94,100,0,1.03,CA,1663072533
408,Suba,10.8438,121.0102,29.03,72,100,3.03,PH,1663072535
409,Dukhovnitskoye,52.4828,48.2137,17.11,44,100,3.86,RU,1663072536
410,Gurupi,-11.7292,-49.0686,33.0,16,81,4.95,BR,1663072275
411,Ol'ga,43.7444,135.2892,12.53,77,0,3.33,RU,1663072329
412,Kīhei,20.785,-156.4656,26.02,79,40,5.14,US,1663072468
413,Bahía Solano,6.2262,-77.4044,26.09,82,100,2.09,CO,1663072540
414,Kitob,39.0843,66.8332,27.38,17,0,1.98,UZ,1663072542
415,Padang,-0.9492,100.3543,27.03,82,100,2.33,ID,1663072439
416,Bara,10.3744,10.7288,28.29,68,100,4.37,NG,1663072544
417,Lázaro Cárdenas,17.9583,-102.2,24.33,80,100,2.22,MX,1663072545
418,Tongliao,43.6125,122.2653,14.18,60,0,2.48,CN,1663072401
419,Middle Island,40.8843,-72.9373,23.83,96,100,0.45,US,1663072548
420,Kushima,31.4583,131.2333,26.03,93,65,4.87,JP,1663072549
421,Ostrovnoy,68.0531,39.5131,10.07,73,100,3.69,RU,1663072550
422,Ampanihy,-24.7,44.75,24.96,47,0,8.28,MG,1663072551
423,Tazovsky,67.4667,78.7,4.35,71,98,4.02,RU,1663072553
424,Sinnamary,5.3833,-52.95,29.07,66,5,3.38,GF,1663072554
425,Nelson Bay,-32.7167,152.15,15.0,79,60,4.92,AU,1663072555
426,Vilhena,-12.7406,-60.1458,25.12,83,10,0.0,BR,1663072556
427,Kalamare,-22.9337,26.5703,24.31,32,0,7.66,BW,1663072558
428,Coos Bay,43.3665,-124.2179,14.99,97,100,2.06,US,1663072559
429,Buena Vista,43.4203,-83.8986,12.75,93,0,1.54,US,1663072560
430,Leshukonskoye,64.8989,45.7622,11.77,79,100,3.37,RU,1663072561
431,Khatanga,71.9667,102.5,0.98,67,91,3.38,RU,1663072564
432,Nushki,29.5542,66.0215,32.19,12,0,2.3,PK,1663072565
433,Maumere,-8.6199,122.2111,26.14,77,32,3.28,ID,1663072567
434,Zeya,53.75,127.2667,9.79,78,100,2.79,RU,1663072568
435,Anloga,5.7947,0.8973,26.57,76,92,5.77,GH,1663072569
436,Sopetrán,6.6703,-75.7475,16.28,84,86,0.74,CO,1663072299
437,Cap Malheureux,-19.9842,57.6142,23.59,65,94,1.79,MU,1663072573
438,Millinocket,45.6573,-68.7098,16.06,100,40,0.0,US,1663072574
439,Andros Town,24.7,-77.7667,26.98,66,56,1.78,BS,1663072575
440,Sabang,5.8933,95.3214,28.18,75,91,8.16,ID,1663072577
441,Anakapalle,17.6833,83.0167,28.97,79,100,5.12,IN,1663072578
442,Wawa,9.9022,4.4192,27.51,75,100,2.18,NG,1663072579
443,Kangaba,11.9333,-8.4167,26.63,74,100,0.79,ML,1663072581
444,Kaniama,-7.5667,24.1833,33.56,28,96,1.13,CD,1663072582
445,Narva-Jõesuu,59.4589,28.0408,15.48,63,100,4.68,EE,1663072583
446,Kenai,60.5544,-151.2583,8.41,98,100,3.09,US,1663072586
447,Matara,5.9485,80.5353,25.94,85,19,3.91,LK,1663072587
448,Saskylakh,71.9167,114.0833,1.76,92,100,1.49,RU,1663072588
449,Moa,20.6569,-74.9403,27.48,79,0,1.49,CU,1663072589
450,Lebanon,36.2081,-86.2911,17.76,87,0,0.0,US,1663072591
451,Estelle,29.8458,-90.1067,24.44,74,0,2.06,US,1663072569
452,Temir,49.1414,57.13,20.76,27,67,4.7,KZ,1663072593
453,Nuuk,64.1835,-51.7216,7.34,93,75,2.57,GL,1663072594
454,Richards Bay,-28.783,32.0377,19.66,71,89,2.42,ZA,1663072595
455,Katobu,-4.9408,122.5276,23.96,88,31,1.85,ID,1663072597
456,Husavik,66.0449,-17.3389,8.77,88,96,5.25,IS,1663072598
457,Nevşehir,38.9167,34.6667,23.56,38,75,5.66,TR,1663072599
458,Kieta,-6.2167,155.6333,25.97,83,96,1.95,PG,1663072600
459,Helena,46.5927,-112.0361,14.44,58,0,1.54,US,1663072425
460,St. Pete Beach,27.7253,-82.7412,27.81,82,0,2.06,US,1663072603
461,Dul'durga,50.6761,113.5931,13.23,55,100,2.39,RU,1663072604
462,Verkhoyansk,67.5447,133.385,4.79,77,100,1.69,RU,1663072605
463,Beian,63.6559,9.5683,13.89,94,75,4.12,NO,1663072606
464,Rolla,37.9514,-91.7713,13.34,94,0,1.54,US,1663072575
465,Dérac,19.65,-71.8167,27.21,60,31,1.74,HT,1663072609
466,Dicabisagan,17.0818,122.4157,26.83,84,49,1.54,PH,1663072610
467,Hualmay,-11.0964,-77.6139,15.54,82,87,3.81,PE,1663072612
468,Saint-Augustin,51.226,-58.6502,16.6,61,33,2.0,CA,1663072614
469,Aswān,24.0934,32.907,41.61,10,0,6.17,EG,1663072615
470,Suleja,9.1758,7.1808,23.55,74,100,1.37,NG,1663072616
471,Kazanskaya,45.4106,40.4361,22.64,45,100,5.0,RU,1663072617
472,Mezen',65.8522,44.24,12.76,65,100,2.8,RU,1663072619
473,Sayyan,15.1718,44.3244,23.99,29,100,2.15,YE,1663072620
474,Durban,-29.8579,31.0292,19.51,83,44,1.34,ZA,1663072621
475,Itoman,26.1247,127.6694,28.43,89,75,3.6,JP,1663072623
476,Zasheyek,67.4066,32.5499,10.07,82,100,2.57,RU,1663072624
477,Leer,8.3018,30.1418,28.36,76,98,2.63,SS,1663072625
478,Voh,-20.9667,164.7,20.61,87,100,1.66,NC,1663072627
479,Plouzané,48.3833,-4.6167,26.1,61,0,7.72,FR,1663072629
480,Nichinan,31.6,131.3667,27.82,92,75,5.54,JP,1663072632
481,Qaqortoq,60.7167,-46.0333,9.23,62,10,1.78,GL,1663072634
482,Osa,57.2829,55.4567,13.6,60,100,0.68,RU,1663072635
483,The Valley,18.217,-63.0578,30.46,74,40,5.14,AI,1663072497
484,Wundanyi,-3.4019,38.364,23.41,41,94,7.3,KE,1663072638
485,Kampong Cham,11.9934,105.4635,26.54,84,96,3.39,KH,1663072639
486,Malatya Province,38.5,38.0,28.03,26,75,2.57,TR,1663072641
487,Puerto Baquerizo Moreno,-0.9,-89.6,19.55,87,100,6.32,EC,1663072642
488,Pangoa,-12.1167,-73.0,22.22,93,99,0.34,PE,1663072643
489,Misratah,32.3754,15.0925,29.29,53,0,4.12,LY,1663072645
490,Lydenburg,-25.0978,30.4597,15.34,68,86,3.07,ZA,1663072646
491,Nyurba,63.2842,118.3319,7.43,95,100,4.42,RU,1663072396
492,Palekastro,35.2,26.25,25.47,58,0,10.59,GR,1663072649
493,Alamosa,37.4695,-105.87,4.99,75,0,1.54,US,1663072609
494,Alekseyevka,50.6309,38.6903,13.77,78,100,3.54,RU,1663072651
495,Taoudenni,22.6783,-3.9836,43.71,9,0,1.92,ML,1663072652
496,Tautira,-17.7333,-149.15,24.53,79,100,8.33,PF,1663072653
497,Chitral,35.8462,71.7858,25.45,44,59,3.66,PK,1663072584
498,Batagay,67.6333,134.6333,4.23,78,100,2.87,RU,1663072656
499,Morant Bay,17.8815,-76.4093,28.73,75,49,3.12,JM,1663072657
500,Marsá Maţrūḩ,31.3525,27.2453,29.11,58,40,6.17,EG,1663072658
501,Boddam,57.4667,-1.7833,17.46,66,14,7.98,GB,1663072660
502,Ngunguru,-35.6167,174.5,12.39,87,100,3.08,NZ,1663072661
503,Sri Aman,1.2376,111.4621,25.05,88,100,0.0,MY,1663072662
504,Amahai,-3.3333,128.9167,25.78,88,100,2.97,ID,1663072663
505,Jinzhou,41.1078,121.1417,19.36,68,0,3.97,CN,1663072665
506,Kanasín,20.9333,-89.5667,23.33,94,75,0.0,MX,1663072666
507,Perth,-31.9333,115.8333,15.61,63,40,9.77,AU,1663072537
508,Belyy Yar,53.6039,91.3903,11.03,56,0,3.0,RU,1663072669
509,Burnie,-41.0667,145.9167,3.3,71,4,2.82,AU,1663072379
510,Tingo María,-9.2895,-76.0088,23.44,84,54,0.46,PE,1663072671
511,Dunedin,-45.8742,170.5036,2.67,83,94,3.58,NZ,1663072673
512,Ambon City,-3.6954,128.1814,27.35,13,40,2.06,ID,1663072674
513,Luorong,24.4058,109.6086,25.34,66,96,1.72,CN,1663072676
514,Norsup,-16.0667,167.3833,25.69,80,24,3.74,VU,1663072677
515,Mujiayingzi,42.1167,118.7833,15.3,74,0,0.75,CN,1663072678
516,Māngrol,21.1167,70.1167,25.59,91,100,2.31,IN,1663072679
517,Antipino,57.1068,65.7576,15.16,56,100,2.2,RU,1663072681
518,Batagay-Alyta,67.8006,130.4114,-0.37,93,100,0.11,RU,1663072682
519,Yar-Sale,66.8333,70.8333,6.72,70,96,2.87,RU,1663072396
520,Coahuayana Viejo,18.7333,-103.6833,23.35,92,100,1.47,MX,1663072685
521,Port Hardy,50.6996,-127.4199,12.1,94,100,1.54,CA,1663072686
522,Cidreira,-30.1811,-50.2056,17.4,79,86,5.66,BR,1663072687
523,Redcliffe,-27.2307,153.0973,17.72,72,0,2.57,AU,1663072689
524,Srīvardhan,18.0333,73.0167,26.36,88,100,6.06,IN,1663072690
525,São Félix do Xingu,-6.6447,-51.995,31.99,41,46,1.5,BR,1663072691
526,Saint-François,46.4154,3.9054,29.26,48,0,2.06,FR,1663072692
527,Naze,28.3667,129.4833,27.51,86,41,8.35,JP,1663072694
528,Sonda,59.3436,26.8364,13.72,73,100,4.7,EE,1663072695
529,Fairbanks,64.8378,-147.7164,4.99,95,0,0.0,US,1663072696
530,Aksarka,66.5606,67.7975,7.75,78,96,2.48,RU,1663072698
531,North Bend,43.4065,-124.2243,14.95,97,100,2.06,US,1663072699
532,Aklavik,68.2191,-135.0107,2.74,91,87,2.87,CA,1663072701
533,Ituiutaba,-18.9689,-49.465,32.81,18,10,5.28,BR,1663072702
534,Ust'-Ilimsk,58.0006,102.6619,4.9,95,100,2.74,RU,1663072703
535,Coolum Beach,-26.5333,153.1,17.28,87,44,3.28,AU,1663072706
536,Antalaha,-14.9003,50.2788,23.47,75,98,4.6,MG,1663072707
537,Afrikanda,67.4429,32.7828,10.06,81,100,2.27,RU,1663072708
538,Bella Union,-30.2752,-57.6007,15.58,64,0,3.78,UY,1663072711
539,Iquique,-20.2208,-70.1431,14.02,65,0,3.81,CL,1663072677
540,Tot'ma,59.9747,42.7642,15.0,48,67,2.37,RU,1663072714
541,Pacific Grove,36.6177,-121.9166,15.75,89,75,2.68,US,1663072620
542,Araguaína,-7.1911,-48.2072,35.03,28,4,4.18,BR,1663072716
543,Lata,40.1629,-8.3327,21.71,77,100,5.19,PT,1663072718
544,Anstruther,56.2231,-2.7023,19.36,59,20,3.09,GB,1663072719
545,Örnsköldsvik,63.2909,18.7153,14.53,88,100,8.75,SE,1663072720
546,Belmonte,-15.8631,-38.8828,25.43,61,14,1.72,BR,1663072722
547,Myrtle Grove,30.421,-87.3075,22.13,83,75,3.09,US,1663072723
548,Ternate,0.8,127.4,27.44,76,84,2.2,ID,1663072725
549,Umluj,25.0213,37.2685,32.25,56,6,6.58,SA,1663072726
550,Nicoya,10.1483,-85.452,24.88,90,100,0.52,CR,1663072727
551,San Quintín,30.4833,-115.95,21.41,93,49,1.47,MX,1663072728
552,Jalu,29.0331,21.5482,34.45,23,0,4.99,LY,1663072730
553,Ventspils,57.3894,21.5606,12.96,82,0,4.63,LV,1663072731
554,Mount Isa,-20.7333,139.5,17.87,39,0,0.51,AU,1663072733
555,Nishihara,26.1842,127.7558,28.03,89,75,4.12,JP,1663072734
556,Bichena,10.45,38.2,18.82,62,30,1.96,ET,1663072736
557,Kawalu,-7.3817,108.2082,22.5,97,71,0.94,ID,1663072737
558,Payo,-3.7508,103.6372,22.98,96,100,1.08,ID,1663072739
559,Cerea,45.1921,11.2103,29.96,54,8,0.74,IT,1663072740
560,Mahajanga,-15.7167,46.3167,32.01,31,40,4.12,MG,1663072741
561,Tutóia,-2.7619,-42.2744,29.44,57,7,6.47,BR,1663072743
562,Campoverde,-8.4753,-74.8058,28.87,51,8,0.93,PE,1663072744
563,Söderhamn,61.3037,17.0592,13.31,95,100,6.51,SE,1663072745
564,Teknāf,20.8624,92.3058,26.07,86,100,2.59,BD,1663072747
565,Muncar,-8.4333,114.3333,25.28,85,89,2.64,ID,1663072748
566,Lesnyye Polyany,55.9667,37.8667,14.12,50,100,4.21,RU,1663072749
567,Fortuna,40.5982,-124.1573,11.1,85,1,1.36,US,1663072751
568,Odienné,9.51,-7.5692,23.14,92,100,2.59,CI,1663072752
569,Bongaree,-27.0797,153.1586,17.25,72,60,4.87,AU,1663072754
570,Neyshabur,36.2133,58.7958,28.36,9,0,1.83,IR,1663072756
571,Port Moresby,-9.4431,147.1797,25.68,89,20,1.54,PG,1663072757
572,Mehamn,71.0357,27.8492,7.97,71,20,4.12,NO,1663072758
573,Viedma,-40.8135,-62.9967,10.55,66,33,1.87,AR,1663072760
574,Udachny,66.4167,112.4,0.61,84,91,1.84,RU,1663072761
575,Sehore,23.2,77.0833,24.15,92,100,2.81,IN,1663072763
576,College,64.8569,-147.8028,4.99,95,75,0.0,US,1663072764
577,Mogok,22.9167,96.5,18.76,99,52,1.22,MM,1663072765
578,De Aar,-30.6497,24.0123,21.02,12,0,0.57,ZA,1663072767
579,Paciran,-6.8767,112.3761,27.33,76,27,3.49,ID,1663072768
580,Daru,-9.0763,143.2092,26.14,87,61,6.92,PG,1663072769
581,Cockburn Town,21.4612,-71.1419,28.98,70,40,5.14,TC,1663072772
582,Kathmandu,27.7167,85.3167,23.12,83,75,1.54,NP,1663072471
583,Bambanglipuro,-7.95,110.2833,25.22,82,15,3.93,ID,1663072774
584,Selfoss,63.9331,-20.9971,11.69,65,100,2.31,IS,1663072776
585,Morgan City,29.6994,-91.2068,20.56,92,15,2.94,US,1663072777
586,Mīzan Teferī,6.9833,35.5833,17.36,97,100,0.86,ET,1663072778
587,Dori,14.0354,-0.0345,34.01,40,10,3.71,BF,1663072780
588,Havøysund,70.9963,24.6622,9.13,66,39,3.93,NO,1663072781
589,Archidona,37.0965,-4.3887,23.8,50,100,6.2,ES,1663072782
590,Arvin,35.2091,-118.8284,24.67,62,1,0.45,US,1663072784
